{
	"nodes": {
		"A268": {
			"alignName": "A268"
			},
		"C118": {
			"alignName": "C118"
			},
		"C177": {
			"alignName": "C177"
			},
		"C262": {
			"alignName": "C262"
			},
		"C264": {
			"alignName": "C264"
			},
		"C35": {
			"alignName": "C35"
			},
		"D117": {
			"alignName": "D117"
			},
		"D265": {
			"alignName": "D265"
			},
		"F272": {
			"alignName": "F272"
			},
		"F29": {
			"alignName": "F29"
			},
		"G144": {
			"alignName": "G144"
			},
		"G83": {
			"alignName": "G83"
			},
		"G90": {
			"alignName": "G90"
			},
		"L124": {
			"alignName": "L124"
			},
		"L272": {
			"alignName": "L272"
			},
		"L29": {
			"alignName": "L29"
			},
		"N275": {
			"alignName": "N275"
			},
		"T104": {
			"alignName": "T104"
		}
	},
	"edges":{
		"A268": {
			"F272": {
				"value": 18
				}
		},
		"C118": {
			"G144": {
				"value": 19
				}
		},
		"C177": {
			"N275": {
				"value": -10
				}
		},
		"C262": {
			"C264": {
				"value": 12
				},
			"D265": {
				"value": 10
				}
		},
		"C264": {
			"D265": {
				"value": 12
				}
		},
		"C35": {
			"C177": {
				"value": 28
				},
			"N275": {
				"value": -12
				}
		},
		"D117": {

		},
		"D265": {

		},
		"F272": {

		},
		"F29": {
			"A268": {
				"value": 15
				},
			"F272": {
				"value": 19
				},
			"L272": {
				"value": -12
				}
		},
		"G144": {

		},
		"G83": {
			"D117": {
				"value": 11
				}
		},
		"G90": {
			"D117": {
				"value": 11
				}
		},
		"L124": {

		},
		"L272": {

		},
		"L29": {
			"F272": {
				"value": -14
				}
		},
		"N275": {

		},
		"T104": {
			"L124": {
				"value": 17
				}
		}	},
"_": "zebra finch bk42w74 syllable transition graph"
}