{
	"nodes": {
		"C262": {
			"alignName": "C262"
			},
		"C264": {
			"alignName": "C264"
			},
		"D265": {
			"alignName": "D265"
			},
		"C271": {
			"alignName": "C271"
		}
	},
	"edges":{
		"C262": {
			"C264": {
				"value": 12
				},
			"D265": {
				"value": 11
				},
			"C271": {
				"value": 11
				}
		},
		"C264": {
			"D265": {
				"value": 11
				},
			"C271": {
				"value": 11
				}
		},
		"D265": {
			"C271": {
				"value": 12
				}
		},
		"C271": {

		}	},
"_": "zebra finch bk42w74 syllable transition graph"
}