{
	"nodes": {
		"C103": {
			"alignName": "C103"
			},
		"C125": {
			"alignName": "C125"
			},
		"C32": {
			"alignName": "C32"
			},
		"C35": {
			"alignName": "C35"
			},
		"C404": {
			"alignName": "C404"
			},
		"C410": {
			"alignName": "C410"
			},
		"C417": {
			"alignName": "C417"
			},
		"F148": {
			"alignName": "F148"
			},
		"F160": {
			"alignName": "F160"
			},
		"G423": {
			"alignName": "G423"
			},
		"G59": {
			"alignName": "G59"
			},
		"G74": {
			"alignName": "G74"
			},
		"H68": {
			"alignName": "H68"
			},
		"K131": {
			"alignName": "K131"
			},
		"K416": {
			"alignName": "K416"
			},
		"M424": {
			"alignName": "M424"
			},
		"R166": {
			"alignName": "R166"
			},
		"R176": {
			"alignName": "R176"
			},
		"R378": {
			"alignName": "R378"
			},
		"R411": {
			"alignName": "R411"
			},
		"Y73": {
			"alignName": "Y73"
		}
	},
	"edges":{
		"C103": {
			"C125": {
				"value": 35
				},
			"F148": {
				"value": 12
				}
		},
		"C125": {
			"F148": {
				"value": 13
				}
		},
		"C32": {
			"C35": {
				"value": 61
				},
			"G59": {
				"value": 21
				},
			"H68": {
				"value": 21
				},
			"G74": {
				"value": 24
				},
			"C103": {
				"value": 36
				},
			"C125": {
				"value": 27
				}
		},
		"C35": {
			"G59": {
				"value": 22
				},
			"H68": {
				"value": 24
				},
			"G74": {
				"value": 25
				},
			"C103": {
				"value": 38
				},
			"C125": {
				"value": 30
				}
		},
		"C404": {
			"C410": {
				"value": 34
				},
			"R411": {
				"value": 26
				},
			"K416": {
				"value": 17
				},
			"C417": {
				"value": 25
				},
			"G423": {
				"value": 23
				},
			"M424": {
				"value": 25
				}
		},
		"C410": {
			"R411": {
				"value": 26
				},
			"K416": {
				"value": 19
				},
			"C417": {
				"value": 27
				},
			"G423": {
				"value": 25
				},
			"M424": {
				"value": 27
				}
		},
		"C417": {
			"G423": {
				"value": 31
				},
			"M424": {
				"value": 37
				}
		},
		"F148": {
			"F160": {
				"value": 18
				},
			"R166": {
				"value": 11
				},
			"R176": {
				"value": 11
				}
		},
		"F160": {

		},
		"G423": {
			"M424": {
				"value": 39
				}
		},
		"G59": {
			"H68": {
				"value": 26
				}
		},
		"G74": {
			"C103": {
				"value": 23
				}
		},
		"H68": {
			"G74": {
				"value": 12
				}
		},
		"K131": {

		},
		"K416": {

		},
		"M424": {

		},
		"R166": {

		},
		"R176": {

		},
		"R378": {
			"K416": {
				"value": 11
				}
		},
		"R411": {
			"K416": {
				"value": 16
				},
			"C417": {
				"value": 20
				},
			"G423": {
				"value": 22
				},
			"M424": {
				"value": 25
				}
		},
		"Y73": {
			"K131": {
				"value": 38
				}
		}	},
"_": "zebra finch bk42w74 syllable transition graph"
}