Bacteria-no kingdom-Chlamydiae-Chlamydiia-Chlamydiales-Chlamydiaceae-Chlamydia-Chlamydia trachomatis,1
Bacteria-no kingdom-Firmicutes-Bacilli-Bacillales-Bacillaceae-Bacillus-Bacillus badius,1
Bacteria-no kingdom-Firmicutes-Bacilli-Bacillales-Paenibacillaceae-Brevibacillus-Brevibacillus parabrevis,1
Bacteria-no kingdom-Firmicutes-Bacilli-Bacillales-Paenibacillaceae-Brevibacillus-Brevibacillus sp. WF146,1
Bacteria-no kingdom-Firmicutes-Bacilli-Bacillales-Staphylococcaceae-Staphylococcus-Staphylococcus epidermidis,2
Bacteria-no kingdom-Firmicutes-Bacilli-Bacillales-Staphylococcaceae-Staphylococcus-Staphylococcus schleiferi,1
Bacteria-no kingdom-Firmicutes-Bacilli-Lactobacillales-Carnobacteriaceae-Dolosigranulum-Dolosigranulum pigrum,1
Bacteria-no kingdom-Firmicutes-Bacilli-Lactobacillales-Enterococcaceae-Enterococcus-Enterococcus thailandicus,1
Bacteria-no kingdom-Firmicutes-Bacilli-Lactobacillales-Lactobacillaceae-Lactobacillus-Lactobacillus casei,10
Bacteria-no kingdom-Firmicutes-Bacilli-Lactobacillales-Lactobacillaceae-Lactobacillus-Lactobacillus murinus,2
Bacteria-no kingdom-Firmicutes-Bacilli-Lactobacillales-Lactobacillaceae-Lactobacillus-Lactobacillus paracasei,14
Bacteria-no kingdom-Firmicutes-Bacilli-Lactobacillales-Streptococcaceae-Streptococcus-Streptococcus gallolyticus,1
Bacteria-no kingdom-Firmicutes-Bacilli-Lactobacillales-Streptococcaceae-Streptococcus-Streptococcus mitis,1
Bacteria-no kingdom-Firmicutes-Bacilli-Lactobacillales-Streptococcaceae-Streptococcus-Streptococcus pneumoniae,2
Bacteria-no kingdom-Firmicutes-Bacilli-no order-no family-no genus-Bacilli bacterium VT-13-104,1
Bacteria-no kingdom-Firmicutes-Clostridia-Clostridiales-Clostridiaceae-Clostridium-Clostridium perfringens,2
Bacteria-no kingdom-Firmicutes-Clostridia-Clostridiales-Lachnospiraceae-Tyzzerella-Tyzzerella nexilis,1
Bacteria-no kingdom-Proteobacteria-Alphaproteobacteria-Rhizobiales-Methylobacteriaceae-Methylobacterium-Methylobacterium extorquens,2
Bacteria-no kingdom-Proteobacteria-Alphaproteobacteria-Rhizobiales-Methylobacteriaceae-Methylobacterium-Methylobacterium oryzae,1
Bacteria-no kingdom-Proteobacteria-Alphaproteobacteria-Rhizobiales-Methylobacteriaceae-Methylobacterium-Methylobacterium platani,1
Bacteria-no kingdom-Proteobacteria-Alphaproteobacteria-Rhizobiales-Methylobacteriaceae-Methylobacterium-Methylobacterium radiotolerans,1
Bacteria-no kingdom-Proteobacteria-Alphaproteobacteria-Rhizobiales-Methylobacteriaceae-Methylobacterium-Methylobacterium sp. ARG-1,1
Bacteria-no kingdom-Proteobacteria-Alphaproteobacteria-Rhizobiales-Methylobacteriaceae-Methylobacterium-Methylobacterium sp. GXS13,1
Bacteria-no kingdom-Proteobacteria-Alphaproteobacteria-Rhizobiales-Methylobacteriaceae-Methylobacterium-Methylobacterium sp. Leaf104,1
Bacteria-no kingdom-Proteobacteria-Alphaproteobacteria-Rhizobiales-Methylobacteriaceae-Methylobacterium-Methylobacterium sp. Leaf361,1
Bacteria-no kingdom-Proteobacteria-Alphaproteobacteria-Rhizobiales-Methylobacteriaceae-Methylobacterium-Methylobacterium sp. Leaf399,1
Bacteria-no kingdom-Proteobacteria-Alphaproteobacteria-Rhizobiales-Methylobacteriaceae-Methylobacterium-Methylobacterium sp. Leaf456,1
Bacteria-no kingdom-Proteobacteria-Alphaproteobacteria-Rhizobiales-Methylobacteriaceae-Methylobacterium-Methylobacterium sp. Leaf90,1
Bacteria-no kingdom-Proteobacteria-Alphaproteobacteria-Rhizobiales-Methylobacteriaceae-Methylobacterium-Methylobacterium sp. Leaf92,1
Bacteria-no kingdom-Proteobacteria-Alphaproteobacteria-Rhizobiales-Methylobacteriaceae-Methylobacterium-Methylobacterium sp. Leaf93,1
Bacteria-no kingdom-Proteobacteria-Alphaproteobacteria-Rhizobiales-Methylobacteriaceae-Methylobacterium-Methylobacterium sp. ME121,1
Bacteria-no kingdom-Proteobacteria-Alphaproteobacteria-Rhizobiales-Methylobacteriaceae-Microvirga-Microvirga lotononidis,1
Bacteria-no kingdom-no phylum-Actinobacteria-Actinomycetales-Actinomycetaceae-Actinomyces-Actinomyces neuii,1
Bacteria-no kingdom-no phylum-Actinobacteria-Corynebacteriales-Corynebacteriaceae-Corynebacterium-Corynebacterium casei,1
Bacteria-no kingdom-no phylum-Actinobacteria-Micrococcales-Microbacteriaceae-Frigoribacterium-Frigoribacterium sp. RIT-PI-h,1
Bacteria-no kingdom-no phylum-Actinobacteria-Micromonosporales-Micromonosporaceae-Asanoa-Asanoa ferruginea,1
Eukaryota-Metazoa-Arthropoda-Arachnida-Araneae-Eresidae-Stegodyphus-Stegodyphus mimosarum,4
Eukaryota-Metazoa-Arthropoda-Arachnida-Astigmata-Sarcoptidae-Sarcoptes-Sarcoptes scabiei,2
Eukaryota-Metazoa-Arthropoda-Arachnida-Ixodida-Ixodidae-Ixodes-Ixodes scapularis,1
Eukaryota-Metazoa-Arthropoda-Arachnida-no order-Tetranychidae-Tetranychus-Tetranychus urticae,2
Eukaryota-Metazoa-Arthropoda-Branchiopoda-Diplostraca-Daphniidae-Daphnia-Daphnia magna,17
Eukaryota-Metazoa-Arthropoda-Branchiopoda-Diplostraca-Daphniidae-Daphnia-Daphnia pulex,3
Eukaryota-Metazoa-Arthropoda-Chilopoda-Geophilomorpha-Linotaeniidae-Strigamia-Strigamia maritima,5
Eukaryota-Metazoa-Arthropoda-Chilopoda-Scolopendromorpha-Scolopendridae-Scolopendra-Scolopendra viridis,1
Eukaryota-Metazoa-Arthropoda-Insecta-Blattodea-Termopsidae-Zootermopsis-Zootermopsis nevadensis,1
Eukaryota-Metazoa-Arthropoda-Insecta-Coleoptera-Tenebrionidae-Tribolium-Tribolium castaneum,1
Eukaryota-Metazoa-Arthropoda-Insecta-Diptera-Calliphoridae-Lucilia-Lucilia cuprina,1
Eukaryota-Metazoa-Arthropoda-Insecta-Diptera-Culicidae-Aedes-Aedes aegypti,1
Eukaryota-Metazoa-Arthropoda-Insecta-Diptera-Culicidae-Aedes-Aedes albopictus,1
Eukaryota-Metazoa-Arthropoda-Insecta-Diptera-Culicidae-Anopheles-Anopheles albimanus,1
Eukaryota-Metazoa-Arthropoda-Insecta-Diptera-Culicidae-Anopheles-Anopheles arabiensis,1
Eukaryota-Metazoa-Arthropoda-Insecta-Diptera-Culicidae-Anopheles-Anopheles atroparvus,1
Eukaryota-Metazoa-Arthropoda-Insecta-Diptera-Culicidae-Anopheles-Anopheles christyi,1
Eukaryota-Metazoa-Arthropoda-Insecta-Diptera-Culicidae-Anopheles-Anopheles coluzzii,1
Eukaryota-Metazoa-Arthropoda-Insecta-Diptera-Culicidae-Anopheles-Anopheles culicifacies,1
Eukaryota-Metazoa-Arthropoda-Insecta-Diptera-Culicidae-Anopheles-Anopheles darlingi,1
Eukaryota-Metazoa-Arthropoda-Insecta-Diptera-Culicidae-Anopheles-Anopheles dirus,1
Eukaryota-Metazoa-Arthropoda-Insecta-Diptera-Culicidae-Anopheles-Anopheles epiroticus,1
Eukaryota-Metazoa-Arthropoda-Insecta-Diptera-Culicidae-Anopheles-Anopheles farauti,1
Eukaryota-Metazoa-Arthropoda-Insecta-Diptera-Culicidae-Anopheles-Anopheles funestus,1
Eukaryota-Metazoa-Arthropoda-Insecta-Diptera-Culicidae-Anopheles-Anopheles gambiae,1
Eukaryota-Metazoa-Arthropoda-Insecta-Diptera-Culicidae-Anopheles-Anopheles maculatus,1
Eukaryota-Metazoa-Arthropoda-Insecta-Diptera-Culicidae-Anopheles-Anopheles melas,1
Eukaryota-Metazoa-Arthropoda-Insecta-Diptera-Culicidae-Anopheles-Anopheles merus,1
Eukaryota-Metazoa-Arthropoda-Insecta-Diptera-Culicidae-Anopheles-Anopheles minimus,1
Eukaryota-Metazoa-Arthropoda-Insecta-Diptera-Culicidae-Anopheles-Anopheles quadriannulatus,1
Eukaryota-Metazoa-Arthropoda-Insecta-Diptera-Culicidae-Anopheles-Anopheles sinensis,1
Eukaryota-Metazoa-Arthropoda-Insecta-Diptera-Culicidae-Anopheles-Anopheles stephensi,2
Eukaryota-Metazoa-Arthropoda-Insecta-Diptera-Culicidae-Culex-Culex quinquefasciatus,1
Eukaryota-Metazoa-Arthropoda-Insecta-Diptera-Drosophilidae-Drosophila-Drosophila ananassae,1
Eukaryota-Metazoa-Arthropoda-Insecta-Diptera-Drosophilidae-Drosophila-Drosophila busckii,1
Eukaryota-Metazoa-Arthropoda-Insecta-Diptera-Drosophilidae-Drosophila-Drosophila erecta,1
Eukaryota-Metazoa-Arthropoda-Insecta-Diptera-Drosophilidae-Drosophila-Drosophila grimshawi,1
Eukaryota-Metazoa-Arthropoda-Insecta-Diptera-Drosophilidae-Drosophila-Drosophila melanogaster,2
Eukaryota-Metazoa-Arthropoda-Insecta-Diptera-Drosophilidae-Drosophila-Drosophila mojavensis,1
Eukaryota-Metazoa-Arthropoda-Insecta-Diptera-Drosophilidae-Drosophila-Drosophila persimilis,1
Eukaryota-Metazoa-Arthropoda-Insecta-Diptera-Drosophilidae-Drosophila-Drosophila pseudoobscura,1
Eukaryota-Metazoa-Arthropoda-Insecta-Diptera-Drosophilidae-Drosophila-Drosophila sechellia,1
Eukaryota-Metazoa-Arthropoda-Insecta-Diptera-Drosophilidae-Drosophila-Drosophila simulans,1
Eukaryota-Metazoa-Arthropoda-Insecta-Diptera-Drosophilidae-Drosophila-Drosophila virilis,1
Eukaryota-Metazoa-Arthropoda-Insecta-Diptera-Drosophilidae-Drosophila-Drosophila willistoni,1
Eukaryota-Metazoa-Arthropoda-Insecta-Diptera-Drosophilidae-Drosophila-Drosophila yakuba,1
Eukaryota-Metazoa-Arthropoda-Insecta-Diptera-Tephritidae-Bactrocera-Bactrocera latifrons,3
Eukaryota-Metazoa-Arthropoda-Insecta-Hemiptera-Aphididae-Acyrthosiphon-Acyrthosiphon pisum,1
Eukaryota-Metazoa-Arthropoda-Insecta-Hemiptera-Clastopteridae-Clastoptera-Clastoptera arizonana,1
Eukaryota-Metazoa-Arthropoda-Insecta-Hemiptera-Reduviidae-Rhodnius-Rhodnius prolixus,1
Eukaryota-Metazoa-Arthropoda-Insecta-Hymenoptera-Apidae-Apis-Apis mellifera,1
Eukaryota-Metazoa-Arthropoda-Insecta-Hymenoptera-Apidae-Habropoda-Habropoda laboriosa,1
Eukaryota-Metazoa-Arthropoda-Insecta-Hymenoptera-Apidae-Melipona-Melipona quadrifasciata,1
Eukaryota-Metazoa-Arthropoda-Insecta-Hymenoptera-Braconidae-Fopius-Fopius arisanus,1
Eukaryota-Metazoa-Arthropoda-Insecta-Hymenoptera-Formicidae-Atta-Atta cephalotes,1
Eukaryota-Metazoa-Arthropoda-Insecta-Hymenoptera-Formicidae-Atta-Atta colombica,1
Eukaryota-Metazoa-Arthropoda-Insecta-Hymenoptera-Formicidae-Camponotus-Camponotus floridanus,1
Eukaryota-Metazoa-Arthropoda-Insecta-Hymenoptera-Formicidae-Cerapachys-Cerapachys biroi,1
Eukaryota-Metazoa-Arthropoda-Insecta-Hymenoptera-Formicidae-Cyphomyrmex-Cyphomyrmex costatus,1
Eukaryota-Metazoa-Arthropoda-Insecta-Hymenoptera-Formicidae-Harpegnathos-Harpegnathos saltator,1
Eukaryota-Metazoa-Arthropoda-Insecta-Hymenoptera-Formicidae-Lasius-Lasius niger,1
Eukaryota-Metazoa-Arthropoda-Insecta-Hymenoptera-Formicidae-Solenopsis-Solenopsis invicta,1
Eukaryota-Metazoa-Arthropoda-Insecta-Hymenoptera-Formicidae-Trachymyrmex-Trachymyrmex cornetzi,1
Eukaryota-Metazoa-Arthropoda-Insecta-Hymenoptera-Formicidae-Trachymyrmex-Trachymyrmex septentrionalis,1
Eukaryota-Metazoa-Arthropoda-Insecta-Hymenoptera-Formicidae-Trachymyrmex-Trachymyrmex zeteki,1
Eukaryota-Metazoa-Arthropoda-Insecta-Hymenoptera-Halictidae-Dufourea-Dufourea novaeangliae,1
Eukaryota-Metazoa-Arthropoda-Insecta-Hymenoptera-Pteromalidae-Nasonia-Nasonia vitripennis,1
Eukaryota-Metazoa-Arthropoda-Insecta-Lepidoptera-Bombycidae-Bombyx-Bombyx mori,1
Eukaryota-Metazoa-Arthropoda-Insecta-Lepidoptera-Geometridae-Operophtera-Operophtera brumata,1
Eukaryota-Metazoa-Arthropoda-Insecta-Lepidoptera-Nymphalidae-Danaus-Danaus plexippus,1
Eukaryota-Metazoa-Arthropoda-Insecta-Lepidoptera-Papilionidae-Papilio-Papilio machaon,1
Eukaryota-Metazoa-Arthropoda-Insecta-Lepidoptera-Papilionidae-Papilio-Papilio xuthus,4
Eukaryota-Metazoa-Arthropoda-Malacostraca-Decapoda-Portunidae-Scylla-Scylla olivacea,1
Eukaryota-Metazoa-Arthropoda-Maxillopoda-Siphonostomatoida-Caligidae-Lepeophtheirus-Lepeophtheirus salmonis,1
Eukaryota-Metazoa-Chordata-Actinopteri-Beloniformes-Adrianichthyidae-Oryzias-Oryzias latipes,4
Eukaryota-Metazoa-Chordata-Actinopteri-Characiformes-Characidae-Astyanax-Astyanax mexicanus,4
Eukaryota-Metazoa-Chordata-Actinopteri-Cichliformes-Cichlidae-Oreochromis-Oreochromis niloticus,6
Eukaryota-Metazoa-Chordata-Actinopteri-Cypriniformes-Cyprinidae-Danio-Danio rerio,10
Eukaryota-Metazoa-Chordata-Actinopteri-Cyprinodontiformes-Fundulidae-Fundulus-Fundulus heteroclitus,13
Eukaryota-Metazoa-Chordata-Actinopteri-Cyprinodontiformes-Nothobranchiidae-Aphyosemion-Aphyosemion striatum,2
Eukaryota-Metazoa-Chordata-Actinopteri-Cyprinodontiformes-Nothobranchiidae-Nothobranchius-Nothobranchius furzeri,6
Eukaryota-Metazoa-Chordata-Actinopteri-Cyprinodontiformes-Nothobranchiidae-Nothobranchius-Nothobranchius kadleci,5
Eukaryota-Metazoa-Chordata-Actinopteri-Cyprinodontiformes-Nothobranchiidae-Nothobranchius-Nothobranchius korthausae,4
Eukaryota-Metazoa-Chordata-Actinopteri-Cyprinodontiformes-Nothobranchiidae-Nothobranchius-Nothobranchius kuhntae,6
Eukaryota-Metazoa-Chordata-Actinopteri-Cyprinodontiformes-Nothobranchiidae-Nothobranchius-Nothobranchius pienaari,3
Eukaryota-Metazoa-Chordata-Actinopteri-Cyprinodontiformes-Nothobranchiidae-Nothobranchius-Nothobranchius rachovii,6
Eukaryota-Metazoa-Chordata-Actinopteri-Cyprinodontiformes-Poeciliidae-Poecilia-Poecilia formosa,7
Eukaryota-Metazoa-Chordata-Actinopteri-Cyprinodontiformes-Poeciliidae-Poeciliopsis-Poeciliopsis prolifica,4
Eukaryota-Metazoa-Chordata-Actinopteri-Cyprinodontiformes-Poeciliidae-Xiphophorus-Xiphophorus maculatus,5
Eukaryota-Metazoa-Chordata-Actinopteri-Osteoglossiformes-Osteoglossidae-Scleropages-Scleropages formosus,6
Eukaryota-Metazoa-Chordata-Actinopteri-Perciformes-Gasterosteidae-Gasterosteus-Gasterosteus aculeatus,5
Eukaryota-Metazoa-Chordata-Actinopteri-Salmoniformes-Salmonidae-Oncorhynchus-Oncorhynchus mykiss,5
Eukaryota-Metazoa-Chordata-Actinopteri-Semionotiformes-Lepisosteidae-Lepisosteus-Lepisosteus oculatus,3
Eukaryota-Metazoa-Chordata-Actinopteri-Siluriformes-Ictaluridae-Ictalurus-Ictalurus punctatus,2
Eukaryota-Metazoa-Chordata-Actinopteri-Spariformes-Sparidae-Pagrus-Pagrus major,4
Eukaryota-Metazoa-Chordata-Actinopteri-Spariformes-Sparidae-Sparus-Sparus aurata,1
Eukaryota-Metazoa-Chordata-Actinopteri-Tetraodontiformes-Tetraodontidae-Takifugu-Takifugu rubripes,22
Eukaryota-Metazoa-Chordata-Actinopteri-Tetraodontiformes-Tetraodontidae-Tetraodon-Tetraodon nigroviridis,10
Eukaryota-Metazoa-Chordata-Actinopteri-no order-Lutjanidae-Lutjanus-Lutjanus guttatus,1
Eukaryota-Metazoa-Chordata-Actinopteri-no order-Moronidae-Dicentrarchus-Dicentrarchus labrax,2
Eukaryota-Metazoa-Chordata-Actinopteri-no order-Sciaenidae-Larimichthys-Larimichthys crocea,6
Eukaryota-Metazoa-Chordata-Amphibia-Anura-Pipidae-Xenopus-Xenopus laevis,3
Eukaryota-Metazoa-Chordata-Amphibia-Anura-Pipidae-Xenopus-Xenopus tropicalis,11
Eukaryota-Metazoa-Chordata-Amphibia-Anura-Ranidae-Rana-Lithobates catesbeiana,1
Eukaryota-Metazoa-Chordata-Appendicularia-no order-Oikopleuridae-Oikopleura-Oikopleura dioica,223
Eukaryota-Metazoa-Chordata-Ascidiacea-Enterogona-Cionidae-Ciona-Ciona intestinalis,7
Eukaryota-Metazoa-Chordata-Ascidiacea-Enterogona-Cionidae-Ciona-Ciona savignyi,3
Eukaryota-Metazoa-Chordata-Ascidiacea-Stolidobranchia-Styelidae-Polyandrocarpa-Polyandrocarpa misakiensis,1
Eukaryota-Metazoa-Chordata-Aves-Anseriformes-Anatidae-Anas-Anas platyrhynchos,12
Eukaryota-Metazoa-Chordata-Aves-Bucerotiformes-Bucerotidae-Buceros-Buceros rhinoceros,5
Eukaryota-Metazoa-Chordata-Aves-Caprimulgiformes-Caprimulgidae-Caprimulgus-Antrostomus carolinensis,7
Eukaryota-Metazoa-Chordata-Aves-Charadriiformes-Charadriidae-Charadrius-Charadrius vociferus,8
Eukaryota-Metazoa-Chordata-Aves-Ciconiiformes-Cathartidae-Cathartes-Cathartes aura,4
Eukaryota-Metazoa-Chordata-Aves-Ciconiiformes-Pteroclidae-Pterocles-Pterocles gutturalis,7
Eukaryota-Metazoa-Chordata-Aves-Coliiformes-Coliidae-Colius-Colius striatus,4
Eukaryota-Metazoa-Chordata-Aves-Coraciiformes-Leptosomidae-Leptosomus-Leptosomus discolor,4
Eukaryota-Metazoa-Chordata-Aves-Coraciiformes-Meropidae-Merops-Merops nubicus,5
Eukaryota-Metazoa-Chordata-Aves-Cuculiformes-Cuculidae-Cuculus-Cuculus canorus,7
Eukaryota-Metazoa-Chordata-Aves-Falconiformes-Accipitridae-Haliaeetus-Haliaeetus albicilla,4
Eukaryota-Metazoa-Chordata-Aves-Galliformes-Phasianidae-Gallus-Gallus gallus,11
Eukaryota-Metazoa-Chordata-Aves-Galliformes-Phasianidae-Meleagris-Meleagris gallopavo,11
Eukaryota-Metazoa-Chordata-Aves-Gaviiformes-Gaviidae-Gavia-Gavia stellata,6
Eukaryota-Metazoa-Chordata-Aves-Gruiformes-Cariamidae-Cariama-Cariama cristata,6
Eukaryota-Metazoa-Chordata-Aves-Gruiformes-Eurypygidae-Eurypyga-Eurypyga helias,3
Eukaryota-Metazoa-Chordata-Aves-Gruiformes-Gruidae-Balearica-Balearica regulorum,5
Eukaryota-Metazoa-Chordata-Aves-Gruiformes-Mesitornithidae-Mesitornis-Mesitornis unicolor,8
Eukaryota-Metazoa-Chordata-Aves-Gruiformes-Otididae-Chlamydotis-Chlamydotis macqueenii,7
Eukaryota-Metazoa-Chordata-Aves-Musophagiformes-Musophagidae-Tauraco-Tauraco erythrolophus,6
Eukaryota-Metazoa-Chordata-Aves-Opisthocomiformes-Opisthocomidae-Opisthocomus-Opisthocomus hoazin,8
Eukaryota-Metazoa-Chordata-Aves-Passeriformes-Acanthisittidae-Acanthisitta-Acanthisitta chloris,6
Eukaryota-Metazoa-Chordata-Aves-Passeriformes-Corvidae-Corvus-Corvus brachyrhynchos,8
Eukaryota-Metazoa-Chordata-Aves-Passeriformes-Estrildidae-Taeniopygia-Taeniopygia guttata,8
Eukaryota-Metazoa-Chordata-Aves-Passeriformes-Muscicapidae-Ficedula-Ficedula albicollis,7
Eukaryota-Metazoa-Chordata-Aves-Passeriformes-Pipridae-Manacus-Manacus vitellinus,8
Eukaryota-Metazoa-Chordata-Aves-Pelecaniformes-Ardeidae-Egretta-Egretta garzetta,7
Eukaryota-Metazoa-Chordata-Aves-Pelecaniformes-Pelecanidae-Pelecanus-Pelecanus crispus,2
Eukaryota-Metazoa-Chordata-Aves-Pelecaniformes-Phaethontidae-Phaethon-Phaethon lepturus,6
Eukaryota-Metazoa-Chordata-Aves-Pelecaniformes-Phalacrocoracidae-Phalacrocorax-Phalacrocorax carbo,4
Eukaryota-Metazoa-Chordata-Aves-Pelecaniformes-Threskiornithidae-Nipponia-Nipponia nippon,7
Eukaryota-Metazoa-Chordata-Aves-Phoenicopteriformes-Phoenicopteridae-Phoenicopterus-Phoenicopterus ruber,5
Eukaryota-Metazoa-Chordata-Aves-Piciformes-Picidae-Picoides-Picoides pubescens,7
Eukaryota-Metazoa-Chordata-Aves-Podicipediformes-Podicipedidae-Podiceps-Podiceps cristatus,7
Eukaryota-Metazoa-Chordata-Aves-Procellariiformes-Procellariidae-Fulmarus-Fulmarus glacialis,6
Eukaryota-Metazoa-Chordata-Aves-Psittaciformes-Psittacidae-Amazona-Amazona aestiva,8
Eukaryota-Metazoa-Chordata-Aves-Psittaciformes-Psittacidae-Nestor-Nestor notabilis,6
Eukaryota-Metazoa-Chordata-Aves-Sphenisciformes-Spheniscidae-Aptenodytes-Aptenodytes forsteri,8
Eukaryota-Metazoa-Chordata-Aves-Sphenisciformes-Spheniscidae-Pygoscelis-Pygoscelis adeliae,7
Eukaryota-Metazoa-Chordata-Aves-Strigiformes-Tytonidae-Tyto-Tyto alba,4
Eukaryota-Metazoa-Chordata-Aves-Struthioniformes-Struthionidae-Struthio-Struthio camelus,5
Eukaryota-Metazoa-Chordata-Aves-Tinamiformes-Tinamidae-Tinamus-Tinamus guttatus,5
Eukaryota-Metazoa-Chordata-Aves-Trochiliformes-Trochilidae-Calypte-Calypte anna,7
Eukaryota-Metazoa-Chordata-Aves-Trogoniformes-Trogonidae-Apaloderma-Apaloderma vittatum,5
Eukaryota-Metazoa-Chordata-Chondrichthyes-Chimaeriformes-Callorhinchidae-Callorhinchus-Callorhinchus milii,2
Eukaryota-Metazoa-Chordata-Mammalia-Carnivora-Canidae-Canis-Canis lupus,10
Eukaryota-Metazoa-Chordata-Mammalia-Carnivora-Felidae-Felis-Felis catus,9
Eukaryota-Metazoa-Chordata-Mammalia-Carnivora-Mustelidae-Mustela-Mustela putorius,13
Eukaryota-Metazoa-Chordata-Mammalia-Carnivora-Mustelidae-Neovison-Neovison vison,4
Eukaryota-Metazoa-Chordata-Mammalia-Carnivora-Ursidae-Ailuropoda-Ailuropoda melanoleuca,17
Eukaryota-Metazoa-Chordata-Mammalia-Chiroptera-Phyllostomidae-Desmodus-Desmodus rotundus,1
Eukaryota-Metazoa-Chordata-Mammalia-Chiroptera-Pteropodidae-Pteropus-Pteropus alecto,9
Eukaryota-Metazoa-Chordata-Mammalia-Chiroptera-Vespertilionidae-Myotis-Myotis brandtii,11
Eukaryota-Metazoa-Chordata-Mammalia-Chiroptera-Vespertilionidae-Myotis-Myotis davidii,7
Eukaryota-Metazoa-Chordata-Mammalia-Chiroptera-Vespertilionidae-Myotis-Myotis lucifugus,16
Eukaryota-Metazoa-Chordata-Mammalia-Dasyuromorphia-Dasyuridae-Sarcophilus-Sarcophilus harrisii,19
Eukaryota-Metazoa-Chordata-Mammalia-Didelphimorphia-Didelphidae-Monodelphis-Monodelphis domestica,11
Eukaryota-Metazoa-Chordata-Mammalia-Lagomorpha-Leporidae-Oryctolagus-Oryctolagus cuniculus,17
Eukaryota-Metazoa-Chordata-Mammalia-Monotremata-Ornithorhynchidae-Ornithorhynchus-Ornithorhynchus anatinus,14
Eukaryota-Metazoa-Chordata-Mammalia-Perissodactyla-Equidae-Equus-Equus caballus,13
Eukaryota-Metazoa-Chordata-Mammalia-Primates-Cebidae-Callithrix-Callithrix jacchus,17
Eukaryota-Metazoa-Chordata-Mammalia-Primates-Cercopithecidae-Chlorocebus-Chlorocebus sabaeus,10
Eukaryota-Metazoa-Chordata-Mammalia-Primates-Cercopithecidae-Macaca-Macaca fascicularis,7
Eukaryota-Metazoa-Chordata-Mammalia-Primates-Cercopithecidae-Macaca-Macaca mulatta,15
Eukaryota-Metazoa-Chordata-Mammalia-Primates-Cercopithecidae-Papio-Papio anubis,10
Eukaryota-Metazoa-Chordata-Mammalia-Primates-Galagidae-Otolemur-Otolemur garnettii,8
Eukaryota-Metazoa-Chordata-Mammalia-Primates-Hominidae-Gorilla-Gorilla gorilla,11
Eukaryota-Metazoa-Chordata-Mammalia-Primates-Hominidae-Homo-Homo sapiens,27
Eukaryota-Metazoa-Chordata-Mammalia-Primates-Hominidae-Pan-Pan troglodytes,11
Eukaryota-Metazoa-Chordata-Mammalia-Primates-Hominidae-Pongo-Pongo abelii,10
Eukaryota-Metazoa-Chordata-Mammalia-Primates-Hylobatidae-Nomascus-Nomascus leucogenys,10
Eukaryota-Metazoa-Chordata-Mammalia-Proboscidea-Elephantidae-Loxodonta-Loxodonta africana,15
Eukaryota-Metazoa-Chordata-Mammalia-Rodentia-Bathyergidae-Fukomys-Fukomys damarensis,14
Eukaryota-Metazoa-Chordata-Mammalia-Rodentia-Bathyergidae-Heterocephalus-Heterocephalus glaber,13
Eukaryota-Metazoa-Chordata-Mammalia-Rodentia-Caviidae-Cavia-Cavia porcellus,13
Eukaryota-Metazoa-Chordata-Mammalia-Rodentia-Cricetidae-Cricetulus-Cricetulus griseus,24
Eukaryota-Metazoa-Chordata-Mammalia-Rodentia-Cricetidae-Mesocricetus-Mesocricetus auratus,1
Eukaryota-Metazoa-Chordata-Mammalia-Rodentia-Cricetidae-Neotoma-Neotoma lepida,15
Eukaryota-Metazoa-Chordata-Mammalia-Rodentia-Muridae-Mus-Mus musculus,38
Eukaryota-Metazoa-Chordata-Mammalia-Rodentia-Muridae-Rattus-Rattus norvegicus,16
Eukaryota-Metazoa-Chordata-Mammalia-Rodentia-Muridae-Tokudaia-Tokudaia muenninki,1
Eukaryota-Metazoa-Chordata-Mammalia-Rodentia-Sciuridae-Ictidomys-Ictidomys tridecemlineatus,9
Eukaryota-Metazoa-Chordata-Mammalia-Scandentia-Tupaiidae-Tupaia-Tupaia chinensis,9
Eukaryota-Metazoa-Chordata-Mammalia-no order-Bovidae-Bos-Bos mutus,12
Eukaryota-Metazoa-Chordata-Mammalia-no order-Bovidae-Bos-Bos taurus,24
Eukaryota-Metazoa-Chordata-Mammalia-no order-Bovidae-Ovis-Ovis aries,16
Eukaryota-Metazoa-Chordata-Mammalia-no order-Camelidae-Camelus-Camelus ferus,10
Eukaryota-Metazoa-Chordata-Mammalia-no order-Suidae-Sus-Sus scrofa,15
Eukaryota-Metazoa-Chordata-no classes-Coelacanthiformes-Coelacanthidae-Latimeria-Latimeria chalumnae,8
Eukaryota-Metazoa-Chordata-no classes-Crocodylia-Alligatoridae-Alligator-Alligator mississippiensis,12
Eukaryota-Metazoa-Chordata-no classes-Petromyzontiformes-Petromyzontidae-Petromyzon-Petromyzon marinus,6
Eukaryota-Metazoa-Chordata-no classes-Squamata-Colubridae-Boiga-Boiga irregularis,2
Eukaryota-Metazoa-Chordata-no classes-Squamata-Colubridae-Dispholidus-Dispholidus typus,2
Eukaryota-Metazoa-Chordata-no classes-Squamata-Colubridae-Opheodrys-Opheodrys aestivus,1
Eukaryota-Metazoa-Chordata-no classes-Squamata-Colubridae-Pantherophis-Pantherophis guttatus,1
Eukaryota-Metazoa-Chordata-no classes-Squamata-Colubridae-Trimorphodon-Trimorphodon biscutatus,1
Eukaryota-Metazoa-Chordata-no classes-Squamata-Colubridae-Trimorphodon-Trimorphodon lambda,1
Eukaryota-Metazoa-Chordata-no classes-Squamata-Elapidae-Acanthophis-Acanthophis antarcticus,3
Eukaryota-Metazoa-Chordata-no classes-Squamata-Elapidae-Acanthophis-Acanthophis wellsi,8
Eukaryota-Metazoa-Chordata-no classes-Squamata-Elapidae-Aspidelaps-Aspidelaps scutatus,1
Eukaryota-Metazoa-Chordata-no classes-Squamata-Elapidae-Austrelaps-Austrelaps labialis,6
Eukaryota-Metazoa-Chordata-no classes-Squamata-Elapidae-Austrelaps-Austrelaps superbus,24
Eukaryota-Metazoa-Chordata-no classes-Squamata-Elapidae-Brachyurophis-Brachyurophis roperi,3
Eukaryota-Metazoa-Chordata-no classes-Squamata-Elapidae-Bungarus-Bungarus caeruleus,6
Eukaryota-Metazoa-Chordata-no classes-Squamata-Elapidae-Bungarus-Bungarus candidus,9
Eukaryota-Metazoa-Chordata-no classes-Squamata-Elapidae-Bungarus-Bungarus fasciatus,19
Eukaryota-Metazoa-Chordata-no classes-Squamata-Elapidae-Bungarus-Bungarus flaviceps,10
Eukaryota-Metazoa-Chordata-no classes-Squamata-Elapidae-Bungarus-Bungarus multicinctus,18
Eukaryota-Metazoa-Chordata-no classes-Squamata-Elapidae-Cacophis-Cacophis squamulosus,4
Eukaryota-Metazoa-Chordata-no classes-Squamata-Elapidae-Calliophis-Calliophis bivirgata,2
Eukaryota-Metazoa-Chordata-no classes-Squamata-Elapidae-Cryptophis-Cryptophis nigrescens,4
Eukaryota-Metazoa-Chordata-no classes-Squamata-Elapidae-Demansia-Demansia vestigiata,7
Eukaryota-Metazoa-Chordata-no classes-Squamata-Elapidae-Denisonia-Denisonia devisi,3
Eukaryota-Metazoa-Chordata-no classes-Squamata-Elapidae-Drysdalia-Drysdalia coronoides,3
Eukaryota-Metazoa-Chordata-no classes-Squamata-Elapidae-Hemachatus-Hemachatus haemachatus,1
Eukaryota-Metazoa-Chordata-no classes-Squamata-Elapidae-Hemiaspis-Hemiaspis signata,5
Eukaryota-Metazoa-Chordata-no classes-Squamata-Elapidae-Hoplocephalus-Hoplocephalus bungaroides,6
Eukaryota-Metazoa-Chordata-no classes-Squamata-Elapidae-Hoplocephalus-Hoplocephalus stephensii,6
Eukaryota-Metazoa-Chordata-no classes-Squamata-Elapidae-Laticauda-Laticauda colubrina,6
Eukaryota-Metazoa-Chordata-no classes-Squamata-Elapidae-Laticauda-Laticauda laticaudata,5
Eukaryota-Metazoa-Chordata-no classes-Squamata-Elapidae-Laticauda-Laticauda semifasciata,13
Eukaryota-Metazoa-Chordata-no classes-Squamata-Elapidae-Micropechis-Micropechis ikaheka,12
Eukaryota-Metazoa-Chordata-no classes-Squamata-Elapidae-Micrurus-Micrurus altirostris,3
Eukaryota-Metazoa-Chordata-no classes-Squamata-Elapidae-Micrurus-Micrurus corallinus,1
Eukaryota-Metazoa-Chordata-no classes-Squamata-Elapidae-Micrurus-Micrurus fulvius,82
Eukaryota-Metazoa-Chordata-no classes-Squamata-Elapidae-Micrurus-Micrurus nigrocinctus,3
Eukaryota-Metazoa-Chordata-no classes-Squamata-Elapidae-Micrurus-Micrurus pyrrhocryptus,1
Eukaryota-Metazoa-Chordata-no classes-Squamata-Elapidae-Micrurus-Micrurus tener,37
Eukaryota-Metazoa-Chordata-no classes-Squamata-Elapidae-Naja-Naja atra,3
Eukaryota-Metazoa-Chordata-no classes-Squamata-Elapidae-Naja-Naja kaouthia,2
Eukaryota-Metazoa-Chordata-no classes-Squamata-Elapidae-Naja-Naja melanoleuca,3
Eukaryota-Metazoa-Chordata-no classes-Squamata-Elapidae-Naja-Naja mossambica,3
Eukaryota-Metazoa-Chordata-no classes-Squamata-Elapidae-Naja-Naja naja,1
Eukaryota-Metazoa-Chordata-no classes-Squamata-Elapidae-Naja-Naja nigricollis,1
Eukaryota-Metazoa-Chordata-no classes-Squamata-Elapidae-Naja-Naja oxiana,1
Eukaryota-Metazoa-Chordata-no classes-Squamata-Elapidae-Naja-Naja pallida,1
Eukaryota-Metazoa-Chordata-no classes-Squamata-Elapidae-Naja-Naja sagittifera,6
Eukaryota-Metazoa-Chordata-no classes-Squamata-Elapidae-Naja-Naja sputatrix,4
Eukaryota-Metazoa-Chordata-no classes-Squamata-Elapidae-Notechis-Notechis scutatus,12
Eukaryota-Metazoa-Chordata-no classes-Squamata-Elapidae-Ophiophagus-Ophiophagus hannah,8
Eukaryota-Metazoa-Chordata-no classes-Squamata-Elapidae-Oxyuranus-Oxyuranus microlepidotus,6
Eukaryota-Metazoa-Chordata-no classes-Squamata-Elapidae-Oxyuranus-Oxyuranus scutellatus,15
Eukaryota-Metazoa-Chordata-no classes-Squamata-Elapidae-Parasuta-Parasuta nigriceps,7
Eukaryota-Metazoa-Chordata-no classes-Squamata-Elapidae-Pseudechis-Pseudechis australis,17
Eukaryota-Metazoa-Chordata-no classes-Squamata-Elapidae-Pseudechis-Pseudechis porphyriacus,8
Eukaryota-Metazoa-Chordata-no classes-Squamata-Elapidae-Pseudechis-Pseudechis rossignolii,10
Eukaryota-Metazoa-Chordata-no classes-Squamata-Elapidae-Pseudonaja-Pseudonaja modesta,5
Eukaryota-Metazoa-Chordata-no classes-Squamata-Elapidae-Pseudonaja-Pseudonaja textilis,6
Eukaryota-Metazoa-Chordata-no classes-Squamata-Elapidae-Suta-Suta fasciata,10
Eukaryota-Metazoa-Chordata-no classes-Squamata-Elapidae-Tropidechis-Tropidechis carinatus,7
Eukaryota-Metazoa-Chordata-no classes-Squamata-Elapidae-Walterinnesia-Walterinnesia aegyptia,2
Eukaryota-Metazoa-Chordata-no classes-Squamata-Eublepharidae-Eublepharis-Eublepharis macularius,2
Eukaryota-Metazoa-Chordata-no classes-Squamata-Hydrophiidae-Aipysurus-Aipysurus eydouxii,12
Eukaryota-Metazoa-Chordata-no classes-Squamata-Hydrophiidae-Aipysurus-Aipysurus laevis,1
Eukaryota-Metazoa-Chordata-no classes-Squamata-Hydrophiidae-Hydrophis-Hydrophis hardwickii,4
Eukaryota-Metazoa-Chordata-no classes-Squamata-Hydrophiidae-Hydrophis-Hydrophis schistosus,1
Eukaryota-Metazoa-Chordata-no classes-Squamata-Iguanidae-Anolis-Anolis carolinensis,7
Eukaryota-Metazoa-Chordata-no classes-Squamata-Lamprophiidae-Leioheterodon-Leioheterodon madagascariensis,3
Eukaryota-Metazoa-Chordata-no classes-Squamata-Pythonidae-Python-Python regius,3
Eukaryota-Metazoa-Chordata-no classes-Squamata-Viperidae-Agkistrodon-Agkistrodon bilineatus,1
Eukaryota-Metazoa-Chordata-no classes-Squamata-Viperidae-Agkistrodon-Agkistrodon contortrix,12
Eukaryota-Metazoa-Chordata-no classes-Squamata-Viperidae-Agkistrodon-Agkistrodon piscivorus,28
Eukaryota-Metazoa-Chordata-no classes-Squamata-Viperidae-Atheris-Atheris chlorechis,1
Eukaryota-Metazoa-Chordata-no classes-Squamata-Viperidae-Atheris-Atheris nitschei,2
Eukaryota-Metazoa-Chordata-no classes-Squamata-Viperidae-Atheris-Atheris squamigera,1
Eukaryota-Metazoa-Chordata-no classes-Squamata-Viperidae-Atropoides-Atropoides nummifer,1
Eukaryota-Metazoa-Chordata-no classes-Squamata-Viperidae-Azemiops-Azemiops feae,7
Eukaryota-Metazoa-Chordata-no classes-Squamata-Viperidae-Bitis-Bitis arietans,4
Eukaryota-Metazoa-Chordata-no classes-Squamata-Viperidae-Bitis-Bitis caudalis,1
Eukaryota-Metazoa-Chordata-no classes-Squamata-Viperidae-Bitis-Bitis gabonica,2
Eukaryota-Metazoa-Chordata-no classes-Squamata-Viperidae-Bitis-Bitis nasicornis,1
Eukaryota-Metazoa-Chordata-no classes-Squamata-Viperidae-Bothriechis-Bothriechis lateralis,1
Eukaryota-Metazoa-Chordata-no classes-Squamata-Viperidae-Bothriechis-Bothriechis nigroviridis,1
Eukaryota-Metazoa-Chordata-no classes-Squamata-Viperidae-Bothriechis-Bothriechis schlegelii,3
Eukaryota-Metazoa-Chordata-no classes-Squamata-Viperidae-Bothrocophias-Bothrocophias andianus,1
Eukaryota-Metazoa-Chordata-no classes-Squamata-Viperidae-Bothrops-Bothrops alternatus,2
Eukaryota-Metazoa-Chordata-no classes-Squamata-Viperidae-Bothrops-Bothrops ammodytoides,1
Eukaryota-Metazoa-Chordata-no classes-Squamata-Viperidae-Bothrops-Bothrops asper,5
Eukaryota-Metazoa-Chordata-no classes-Squamata-Viperidae-Bothrops-Bothrops atrox,1
Eukaryota-Metazoa-Chordata-no classes-Squamata-Viperidae-Bothrops-Bothrops brazili,1
Eukaryota-Metazoa-Chordata-no classes-Squamata-Viperidae-Bothrops-Bothrops diporus,3
Eukaryota-Metazoa-Chordata-no classes-Squamata-Viperidae-Bothrops-Bothrops erythromelas,1
Eukaryota-Metazoa-Chordata-no classes-Squamata-Viperidae-Bothrops-Bothrops fonsecai,1
Eukaryota-Metazoa-Chordata-no classes-Squamata-Viperidae-Bothrops-Bothrops insularis,1
Eukaryota-Metazoa-Chordata-no classes-Squamata-Viperidae-Bothrops-Bothrops jararaca,1
Eukaryota-Metazoa-Chordata-no classes-Squamata-Viperidae-Bothrops-Bothrops jararacussu,3
Eukaryota-Metazoa-Chordata-no classes-Squamata-Viperidae-Bothrops-Bothrops leucurus,3
Eukaryota-Metazoa-Chordata-no classes-Squamata-Viperidae-Bothrops-Bothrops marajoensis,3
Eukaryota-Metazoa-Chordata-no classes-Squamata-Viperidae-Bothrops-Bothrops matogrossensis,2
Eukaryota-Metazoa-Chordata-no classes-Squamata-Viperidae-Bothrops-Bothrops moojeni,4
Eukaryota-Metazoa-Chordata-no classes-Squamata-Viperidae-Bothrops-Bothrops neuwiedi,1
Eukaryota-Metazoa-Chordata-no classes-Squamata-Viperidae-Bothrops-Bothrops pauloensis,7
Eukaryota-Metazoa-Chordata-no classes-Squamata-Viperidae-Bothrops-Bothrops pictus,1
Eukaryota-Metazoa-Chordata-no classes-Squamata-Viperidae-Bothrops-Bothrops pirajai,4
Eukaryota-Metazoa-Chordata-no classes-Squamata-Viperidae-Calloselasma-Calloselasma rhodostoma,7
Eukaryota-Metazoa-Chordata-no classes-Squamata-Viperidae-Causus-Causus rhombeatus,1
Eukaryota-Metazoa-Chordata-no classes-Squamata-Viperidae-Cerastes-Cerastes cerastes,3
Eukaryota-Metazoa-Chordata-no classes-Squamata-Viperidae-Cerrophidion-Cerrophidion godmani,6
Eukaryota-Metazoa-Chordata-no classes-Squamata-Viperidae-Crotalus-Crotalus adamanteus,9
Eukaryota-Metazoa-Chordata-no classes-Squamata-Viperidae-Crotalus-Crotalus atrox,2
Eukaryota-Metazoa-Chordata-no classes-Squamata-Viperidae-Crotalus-Crotalus basiliscus,3
Eukaryota-Metazoa-Chordata-no classes-Squamata-Viperidae-Crotalus-Crotalus cerastes,1
Eukaryota-Metazoa-Chordata-no classes-Squamata-Viperidae-Crotalus-Crotalus cerberus,2
Eukaryota-Metazoa-Chordata-no classes-Squamata-Viperidae-Crotalus-Crotalus durissus,14
Eukaryota-Metazoa-Chordata-no classes-Squamata-Viperidae-Crotalus-Crotalus horridus,22
Eukaryota-Metazoa-Chordata-no classes-Squamata-Viperidae-Crotalus-Crotalus molossus,3
Eukaryota-Metazoa-Chordata-no classes-Squamata-Viperidae-Crotalus-Crotalus oreganus,11
Eukaryota-Metazoa-Chordata-no classes-Squamata-Viperidae-Crotalus-Crotalus pricei,1
Eukaryota-Metazoa-Chordata-no classes-Squamata-Viperidae-Crotalus-Crotalus scutulatus,2
Eukaryota-Metazoa-Chordata-no classes-Squamata-Viperidae-Crotalus-Crotalus tzabcan,4
Eukaryota-Metazoa-Chordata-no classes-Squamata-Viperidae-Crotalus-Crotalus viridis,7
Eukaryota-Metazoa-Chordata-no classes-Squamata-Viperidae-Daboia-Daboia palaestinae,3
Eukaryota-Metazoa-Chordata-no classes-Squamata-Viperidae-Daboia-Daboia russelii,16
Eukaryota-Metazoa-Chordata-no classes-Squamata-Viperidae-Daboia-Daboia siamensis,10
Eukaryota-Metazoa-Chordata-no classes-Squamata-Viperidae-Deinagkistrodon-Deinagkistrodon acutus,4
Eukaryota-Metazoa-Chordata-no classes-Squamata-Viperidae-Echis-Echis carinatus,6
Eukaryota-Metazoa-Chordata-no classes-Squamata-Viperidae-Echis-Echis coloratus,10
Eukaryota-Metazoa-Chordata-no classes-Squamata-Viperidae-Echis-Echis ocellatus,2
Eukaryota-Metazoa-Chordata-no classes-Squamata-Viperidae-Echis-Echis pyramidum,2
Eukaryota-Metazoa-Chordata-no classes-Squamata-Viperidae-Eristicophis-Eristicophis macmahoni,2
Eukaryota-Metazoa-Chordata-no classes-Squamata-Viperidae-Gloydius-Gloydius blomhoffii,2
Eukaryota-Metazoa-Chordata-no classes-Squamata-Viperidae-Gloydius-Gloydius brevicaudus,4
Eukaryota-Metazoa-Chordata-no classes-Squamata-Viperidae-Gloydius-Gloydius halys,10
Eukaryota-Metazoa-Chordata-no classes-Squamata-Viperidae-Gloydius-Gloydius intermedius,4
Eukaryota-Metazoa-Chordata-no classes-Squamata-Viperidae-Gloydius-Gloydius shedaoensis,1
Eukaryota-Metazoa-Chordata-no classes-Squamata-Viperidae-Gloydius-Gloydius ussuriensis,2
Eukaryota-Metazoa-Chordata-no classes-Squamata-Viperidae-Lachesis-Lachesis muta,7
Eukaryota-Metazoa-Chordata-no classes-Squamata-Viperidae-Lachesis-Lachesis stenophrys,1
Eukaryota-Metazoa-Chordata-no classes-Squamata-Viperidae-Macrovipera-Macrovipera lebetina,3
Eukaryota-Metazoa-Chordata-no classes-Squamata-Viperidae-Ovophis-Ovophis convictus,2
Eukaryota-Metazoa-Chordata-no classes-Squamata-Viperidae-Ovophis-Ovophis monticola,17
Eukaryota-Metazoa-Chordata-no classes-Squamata-Viperidae-Ovophis-Ovophis okinavensis,12
Eukaryota-Metazoa-Chordata-no classes-Squamata-Viperidae-Ovophis-Ovophis tonkinensis,1
Eukaryota-Metazoa-Chordata-no classes-Squamata-Viperidae-Protobothrops-Protobothrops elegans,6
Eukaryota-Metazoa-Chordata-no classes-Squamata-Viperidae-Protobothrops-Protobothrops flavoviridis,28
Eukaryota-Metazoa-Chordata-no classes-Squamata-Viperidae-Protobothrops-Protobothrops jerdonii,1
Eukaryota-Metazoa-Chordata-no classes-Squamata-Viperidae-Protobothrops-Protobothrops mangshanensis,6
Eukaryota-Metazoa-Chordata-no classes-Squamata-Viperidae-Protobothrops-Protobothrops mucrosquamatus,6
Eukaryota-Metazoa-Chordata-no classes-Squamata-Viperidae-Protobothrops-Protobothrops tokarensis,5
Eukaryota-Metazoa-Chordata-no classes-Squamata-Viperidae-Pseudocerastes-Pseudocerastes fieldi,2
Eukaryota-Metazoa-Chordata-no classes-Squamata-Viperidae-Sistrurus-Sistrurus catenatus,17
Eukaryota-Metazoa-Chordata-no classes-Squamata-Viperidae-Sistrurus-Sistrurus miliarius,10
Eukaryota-Metazoa-Chordata-no classes-Squamata-Viperidae-Trimeresurus-Trimeresurus albolabris,9
Eukaryota-Metazoa-Chordata-no classes-Squamata-Viperidae-Trimeresurus-Trimeresurus borneensis,4
Eukaryota-Metazoa-Chordata-no classes-Squamata-Viperidae-Trimeresurus-Trimeresurus cardamomensis,8
Eukaryota-Metazoa-Chordata-no classes-Squamata-Viperidae-Trimeresurus-Trimeresurus erythrurus,2
Eukaryota-Metazoa-Chordata-no classes-Squamata-Viperidae-Trimeresurus-Trimeresurus gracilis,2
Eukaryota-Metazoa-Chordata-no classes-Squamata-Viperidae-Trimeresurus-Trimeresurus gramineus,7
Eukaryota-Metazoa-Chordata-no classes-Squamata-Viperidae-Trimeresurus-Trimeresurus gumprechti,1
Eukaryota-Metazoa-Chordata-no classes-Squamata-Viperidae-Trimeresurus-Trimeresurus hageni,6
Eukaryota-Metazoa-Chordata-no classes-Squamata-Viperidae-Trimeresurus-Trimeresurus malcolmi,1
Eukaryota-Metazoa-Chordata-no classes-Squamata-Viperidae-Trimeresurus-Trimeresurus popeiorum,2
Eukaryota-Metazoa-Chordata-no classes-Squamata-Viperidae-Trimeresurus-Trimeresurus puniceus,5
Eukaryota-Metazoa-Chordata-no classes-Squamata-Viperidae-Trimeresurus-Trimeresurus sabahi,4
Eukaryota-Metazoa-Chordata-no classes-Squamata-Viperidae-Trimeresurus-Trimeresurus stejnegeri,15
Eukaryota-Metazoa-Chordata-no classes-Squamata-Viperidae-Trimeresurus-Trimeresurus venustus,5
Eukaryota-Metazoa-Chordata-no classes-Squamata-Viperidae-Vipera-Vipera ammodytes,43
Eukaryota-Metazoa-Chordata-no classes-Squamata-Viperidae-Vipera-Vipera aspis,84
Eukaryota-Metazoa-Chordata-no classes-Squamata-Viperidae-Vipera-Vipera berus,18
Eukaryota-Metazoa-Chordata-no classes-Squamata-Viperidae-Vipera-Vipera nikolskii,4
Eukaryota-Metazoa-Chordata-no classes-Squamata-Viperidae-Vipera-Vipera renardi,5
Eukaryota-Metazoa-Chordata-no classes-Squamata-Viperidae-Vipera-Vipera ursinii,2
Eukaryota-Metazoa-Chordata-no classes-Testudines-Cheloniidae-Chelonia-Chelonia mydas,3
Eukaryota-Metazoa-Chordata-no classes-Testudines-Trionychidae-Pelodiscus-Pelodiscus sinensis,8
Eukaryota-Metazoa-Chordata-no classes-no order-Branchiostomidae-Branchiostoma-Branchiostoma floridae,14
Eukaryota-Metazoa-Cnidaria-Anthozoa-Actiniaria-Actiniidae-Condylactis-Condylactis gigantea,1
Eukaryota-Metazoa-Cnidaria-Anthozoa-Actiniaria-Actiniidae-Urticina-Urticina crassicornis,1
Eukaryota-Metazoa-Cnidaria-Anthozoa-Actiniaria-Edwardsiidae-Nematostella-Nematostella vectensis,10
Eukaryota-Metazoa-Cnidaria-Anthozoa-Actiniaria-Hormathiidae-Adamsia-Adamsia palliata,1
Eukaryota-Metazoa-Cnidaria-Hydrozoa-Anthoathecata-Hydridae-Hydra-Hydra vulgaris,1
Eukaryota-Metazoa-Echinodermata-Asteroidea-Valvatida-Acanthasteridae-Acanthaster-Acanthaster planci,2
Eukaryota-Metazoa-Echinodermata-Asteroidea-Valvatida-Asterinidae-Patiria-Patiria pectinifera,3
Eukaryota-Metazoa-Echinodermata-Echinoidea-Echinoida-Strongylocentrotidae-Strongylocentrotus-Strongylocentrotus purpuratus,17
Eukaryota-Metazoa-Echinodermata-Echinoidea-Temnopleuroida-Toxopneustidae-Toxopneustes-Toxopneustes pileolus,1
Eukaryota-Metazoa-Mollusca-Bivalvia-Mytiloida-Mytilidae-Mytilus-Mytilus edulis,1
Eukaryota-Metazoa-Mollusca-Bivalvia-Ostreoida-Ostreidae-Crassostrea-Crassostrea gigas,3
Eukaryota-Metazoa-Mollusca-Cephalopoda-Octopoda-Octopodidae-Octopus-Octopus bimaculoides,3
Eukaryota-Metazoa-Mollusca-Gastropoda-no order-Lottiidae-Lottia-Lottia gigantea,1
Eukaryota-Metazoa-Nematoda-Chromadorea-Ascaridida-Anisakidae-Anisakis-Anisakis simplex,2
Eukaryota-Metazoa-Nematoda-Chromadorea-Ascaridida-Ascarididae-Ascaris-Ascaris lumbricoides,2
Eukaryota-Metazoa-Nematoda-Chromadorea-Ascaridida-Ascarididae-Ascaris-Ascaris suum,4
Eukaryota-Metazoa-Nematoda-Chromadorea-Ascaridida-Toxocaridae-Toxocara-Toxocara canis,7
Eukaryota-Metazoa-Nematoda-Chromadorea-Diplogasterida-Neodiplogasteridae-Pristionchus-Pristionchus pacificus,4
Eukaryota-Metazoa-Nematoda-Chromadorea-Oxyurida-Oxyuridae-Enterobius-Enterobius vermicularis,2
Eukaryota-Metazoa-Nematoda-Chromadorea-Oxyurida-Oxyuridae-Syphacia-Syphacia muris,1
Eukaryota-Metazoa-Nematoda-Chromadorea-Rhabditida-Ancylostomatidae-Ancylostoma-Ancylostoma ceylanicum,10
Eukaryota-Metazoa-Nematoda-Chromadorea-Rhabditida-Ancylostomatidae-Ancylostoma-Ancylostoma duodenale,3
Eukaryota-Metazoa-Nematoda-Chromadorea-Rhabditida-Ancylostomatidae-Necator-Necator americanus,1
Eukaryota-Metazoa-Nematoda-Chromadorea-Rhabditida-Angiostrongylidae-Angiostrongylus-Angiostrongylus cantonensis,1
Eukaryota-Metazoa-Nematoda-Chromadorea-Rhabditida-Cloacinidae-Oesophagostomum-Oesophagostomum dentatum,15
Eukaryota-Metazoa-Nematoda-Chromadorea-Rhabditida-Dictyocaulidae-Dictyocaulus-Dictyocaulus viviparus,1
Eukaryota-Metazoa-Nematoda-Chromadorea-Rhabditida-Haemonchidae-Haemonchus-Haemonchus contortus,2
Eukaryota-Metazoa-Nematoda-Chromadorea-Rhabditida-Haemonchidae-Haemonchus-Haemonchus placei,2
Eukaryota-Metazoa-Nematoda-Chromadorea-Rhabditida-Heligmonellidae-Nippostrongylus-Nippostrongylus brasiliensis,2
Eukaryota-Metazoa-Nematoda-Chromadorea-Rhabditida-Rhabditidae-Caenorhabditis-Caenorhabditis brenneri,1
Eukaryota-Metazoa-Nematoda-Chromadorea-Rhabditida-Rhabditidae-Caenorhabditis-Caenorhabditis briggsae,2
Eukaryota-Metazoa-Nematoda-Chromadorea-Rhabditida-Rhabditidae-Caenorhabditis-Caenorhabditis elegans,3
Eukaryota-Metazoa-Nematoda-Chromadorea-Rhabditida-Rhabditidae-Caenorhabditis-Caenorhabditis japonica,2
Eukaryota-Metazoa-Nematoda-Chromadorea-Rhabditida-Rhabditidae-Caenorhabditis-Caenorhabditis remanei,2
Eukaryota-Metazoa-Nematoda-Chromadorea-Rhabditida-Strongyloididae-Parastrongyloides-Parastrongyloides trichosuri,2
Eukaryota-Metazoa-Nematoda-Chromadorea-Rhabditida-Strongyloididae-Strongyloides-Strongyloides papillosus,1
Eukaryota-Metazoa-Nematoda-Chromadorea-Rhabditida-Strongyloididae-Strongyloides-Strongyloides ratti,1
Eukaryota-Metazoa-Nematoda-Chromadorea-Rhabditida-Strongyloididae-Strongyloides-Strongyloides stercoralis,1
Eukaryota-Metazoa-Nematoda-Chromadorea-Rhabditida-Strongyloididae-Strongyloides-Strongyloides venezuelensis,1
Eukaryota-Metazoa-Nematoda-Chromadorea-Spirurida-Dracunculidae-Dracunculus-Dracunculus medinensis,6
Eukaryota-Metazoa-Nematoda-Chromadorea-Spirurida-Gongylonematidae-Gongylonema-Gongylonema pulchrum,1
Eukaryota-Metazoa-Nematoda-Chromadorea-Spirurida-Onchocercidae-Brugia-Brugia malayi,2
Eukaryota-Metazoa-Nematoda-Chromadorea-Spirurida-Onchocercidae-Brugia-Brugia pahangi,2
Eukaryota-Metazoa-Nematoda-Chromadorea-Spirurida-Onchocercidae-Brugia-Brugia timori,2
Eukaryota-Metazoa-Nematoda-Chromadorea-Spirurida-Onchocercidae-Elaeophora-Elaeophora elaphi,2
Eukaryota-Metazoa-Nematoda-Chromadorea-Spirurida-Onchocercidae-Onchocerca-Onchocerca flexuosa,2
Eukaryota-Metazoa-Nematoda-Chromadorea-Spirurida-Onchocercidae-Onchocerca-Onchocerca ochengi,1
Eukaryota-Metazoa-Nematoda-Chromadorea-Spirurida-Onchocercidae-Onchocerca-Onchocerca volvulus,2
Eukaryota-Metazoa-Nematoda-Chromadorea-Spirurida-Onchocercidae-Wuchereria-Wuchereria bancrofti,3
Eukaryota-Metazoa-Nematoda-Chromadorea-Spirurida-Thelaziidae-Thelazia-Thelazia callipaeda,3
Eukaryota-Metazoa-Nematoda-Chromadorea-Tylenchida-Heteroderidae-Globodera-Globodera pallida,3
Eukaryota-Metazoa-Nematoda-Enoplea-Trichocephalida-Trichinellidae-Trichinella-Trichinella britovi,1
Eukaryota-Metazoa-Nematoda-Enoplea-Trichocephalida-Trichinellidae-Trichinella-Trichinella murrelli,1
Eukaryota-Metazoa-Nematoda-Enoplea-Trichocephalida-Trichinellidae-Trichinella-Trichinella nativa,2
Eukaryota-Metazoa-Nematoda-Enoplea-Trichocephalida-Trichinellidae-Trichinella-Trichinella nelsoni,1
Eukaryota-Metazoa-Nematoda-Enoplea-Trichocephalida-Trichinellidae-Trichinella-Trichinella papuae,2
Eukaryota-Metazoa-Nematoda-Enoplea-Trichocephalida-Trichinellidae-Trichinella-Trichinella patagoniensis,1
Eukaryota-Metazoa-Nematoda-Enoplea-Trichocephalida-Trichinellidae-Trichinella-Trichinella pseudospiralis,4
Eukaryota-Metazoa-Nematoda-Enoplea-Trichocephalida-Trichinellidae-Trichinella-Trichinella sp. T6,1
Eukaryota-Metazoa-Nematoda-Enoplea-Trichocephalida-Trichinellidae-Trichinella-Trichinella sp. T8,1
Eukaryota-Metazoa-Nematoda-Enoplea-Trichocephalida-Trichinellidae-Trichinella-Trichinella sp. T9,1
Eukaryota-Metazoa-Nematoda-Enoplea-Trichocephalida-Trichinellidae-Trichinella-Trichinella spiralis,5
Eukaryota-Metazoa-Nematoda-Enoplea-Trichocephalida-Trichinellidae-Trichinella-Trichinella zimbabwensis,1
Eukaryota-Metazoa-Nematoda-Enoplea-Trichocephalida-Trichuridae-Trichuris-Trichuris muris,2
Eukaryota-Metazoa-Nematoda-Enoplea-Trichocephalida-Trichuridae-Trichuris-Trichuris suis,5
Eukaryota-Metazoa-Nematoda-Enoplea-Trichocephalida-Trichuridae-Trichuris-Trichuris trichiura,1
Eukaryota-Metazoa-Nematoda-Enoplea-no order-Soboliphymatidae-Soboliphyme-Soboliphyme baturini,5
Eukaryota-Metazoa-Placozoa-no classes-no order-no family-Trichoplax-Trichoplax adhaerens,5
Eukaryota-Metazoa-Placozoa-no classes-no order-no family-Trichoplax-Trichoplax sp. BZ10101,1
Eukaryota-Metazoa-Placozoa-no classes-no order-no family-Trichoplax-Trichoplax sp. BZ264,1
Eukaryota-Metazoa-Placozoa-no classes-no order-no family-Trichoplax-Trichoplax sp. BZ413,1
Eukaryota-Metazoa-Placozoa-no classes-no order-no family-Trichoplax-Trichoplax sp. BZ46,1
Eukaryota-Metazoa-Placozoa-no classes-no order-no family-Trichoplax-Trichoplax sp. BZE8,1
Eukaryota-Metazoa-Placozoa-no classes-no order-no family-Trichoplax-Trichoplax sp. BZF1,1
Eukaryota-Viridiplantae-Chlorophyta-Chlorophyceae-Sphaeropleales-Selenastraceae-Monoraphidium-Monoraphidium neglectum,1
Eukaryota-Viridiplantae-Streptophyta-Liliopsida-Poales-Poaceae-Hordeum-Hordeum vulgare,1
Eukaryota-Viridiplantae-Streptophyta-no classes-Fabales-Fabaceae-Glycine-Glycine soja,1
